,Source,Date,Link,Liberal,Conservative,NDP,Bloc QC,Green,Other,Error,Sample,Type,Margin,Campaign
257,Forum Research,2015-11-07,PDF,55.0,25.0,12.0,4.0,3.0,0.0,±3 pp,"1,256",IVR,30.0,False
240,Forum Research,2015-11-17,PDF,45.0,37.0,10.0,4.0,3.0,0.0,±3 pp,909,IVR,8.0,False
248,Abacus Data,2015-11-25,PDF,49.0,24.0,16.0,5.0,5.0,0.0,±2.6 pp,"1,500",online,25.0,False
67,Forum Research,2015-12-08,PDF,46.0,32.0,13.0,4.0,4.0,0.0,±3 pp,"1,369",IVR,14.0,False
48,EKOS,2015-12-10,PDF,46.3,27.2,15.3,3.4,6.7,0.0,±2.2 pp,"1,956",online/telephone,19.1,False
98,Abacus Data,2016-01-12,PDF,45.0,28.0,17.0,5.0,5.0,0.0,±2.6 pp,"1,500",online,17.0,False
101,Mainstreet Research,2016-01-15,HTML,44.0,32.0,16.0,3.0,5.0,0.0,±1.39 pp,"4,937",IVR,12.0,False
102,EKOS,2016-01-18,PDF,46.7,25.3,15.9,3.9,7.0,0.0,±1.9 pp,"2,598",online/telephone,21.4,False
91,Léger,2016-02-04,PDF,49.0,27.0,15.0,3.0,5.0,0.0,±2.1 pp,"1,524",online,22.0,False
77,Forum Research,2016-02-17,PDF,49.0,32.0,10.0,3.0,5.0,0.0,±3 pp,"1,406",IVR,17.0,False
163,Forum Research,2016-03-15,PDF,46.0,34.0,12.0,4.0,3.0,0.0,±2 pp,"1,567",IVR,12.0,False
169,Abacus Data,2016-03-18,PDF,44.0,29.0,16.0,4.0,6.0,0.0,±2.6 pp,"1,500",online,15.0,False
178,Abacus Data,2016-03-23,PDF,47.0,28.0,14.0,4.0,6.0,0.0,±2.6 pp,"1,500",online,19.0,False
188,EKOS,2016-03-29,PDF,42.1,31.7,11.7,4.8,6.4,0.0,±2.2 pp,"2,019",IVR,10.4,False
192,Innovative Research,2016-03-30,PDF,46.0,30.0,12.0,5.0,6.0,0.0,,"2,456",online,16.0,False
26,Forum Research,2016-04-05,PDF,51.0,28.0,12.0,6.0,3.0,0.0,±3 pp,"1,455",IVR,23.0,False
4,Abacus Data,2016-04-13,PDF,49.0,26.0,13.0,5.0,5.0,0.0,±2.6 pp,"1,500",online,23.0,False
7,Mainstreet Research,2016-04-15,HTML,48.0,30.0,14.0,3.0,5.0,0.0,±1.38 pp,"5,012",IVR,18.0,False
8,EKOS,2016-04-15,PDF,44.1,28.5,12.0,4.4,6.7,0.0,±2.9 pp,"1,176",IVR,15.6,False
14,Nanos Research,2016-04-22,HTML,43.2,25.8,19.3,4.2,5.5,0.0,±3.1 pp,"1,000",telephone,17.4,False
20,Mainstreet Research,2016-04-27,HTML,49.0,30.0,14.0,3.0,4.0,0.0,±1.39 pp,"4,998",IVR,19.0,False
210,Forum Research,2016-05-11,PDF,52.0,29.0,11.0,4.0,3.0,0.0,±3 pp,"1,517",IVR,23.0,False
222,Abacus Data,2016-05-20,PDF,46.0,27.0,15.0,4.0,7.0,0.0,±2.2 pp,"2,000",online,19.0,False
223,Ipsos,2016-05-24,HTML,46.0,30.0,15.0,4.0,,0.0,±3.5 pp,"1,002",online,16.0,False
152,Forum Research,2016-06-07,PDF,49.0,32.0,10.0,4.0,4.0,0.0,±2 pp,"2,271",IVR,17.0,False
153,EKOS,2016-06-07,PDF,44.7,26.9,12.4,4.1,7.8,0.0,±2.0 pp,"2,371",IVR,17.8,False
142,Abacus Data,2016-06-16,PDF,44.0,28.0,16.0,5.0,6.0,0.0,±2.6 pp,"1,500",online,16.0,False
133,Forum Research,2016-07-05,PDF,52.0,28.0,11.0,5.0,3.0,0.0,±3 pp,"1,429",IVR,24.0,False
122,EKOS,2016-07-14,PDF,45.6,28.5,15.5,2.8,5.9,0.0,±3.1 pp,"1,003",online/telephone,17.1,False
46,Forum Research,2016-08-06,PDF,50.0,31.0,10.0,4.0,4.0,0.0,±3 pp,"1,345",IVR,19.0,False
39,Abacus Data,2016-08-25,PDF,46.0,28.0,16.0,4.0,5.0,0.0,±2.2 pp,"2,010",online,18.0,False
289,Léger,2016-09-01,PDF,53.0,25.0,12.0,4.0,5.0,0.0,±2.5 pp,"1,535",online,28.0,False
307,Forum Research,2016-09-07,PDF,48.0,30.0,11.0,5.0,4.0,0.0,±3 pp,"1,370",IVR,18.0,False
309,Mainstreet Research,2016-09-08,HTML,51.0,29.0,12.0,4.0,4.0,0.0,±1.35 pp,"5,250",IVR,22.0,False
299,Forum Research,2016-09-21,PDF,47.0,34.0,9.0,6.0,3.0,0.0,±3 pp,"1,326",IVR,13.0,False
306,Nanos Research,2016-09-30,PDF,45.8,26.2,16.7,4.5,5.0,0.0,±3.1 pp,"1,000",telephone (rolling),19.6,False
287,Nanos Research,2016-10-07,PDF,45.9,25.9,16.2,4.3,5.7,0.0,±3.1 pp,"1,000 (1/4)",telephone (rolling),20.0,False
267,Abacus Data,2016-10-12,PDF,45.0,28.0,14.0,5.0,6.0,0.0,±2.6 pp,"1,498",online,17.0,False
266,Forum Research,2016-10-12,PDF,49.0,30.0,12.0,5.0,4.0,0.0,±3 pp,"1,437",IVR,19.0,False
271,Nanos Research,2016-10-14,PDF,46.3,26.2,15.4,4.3,6.2,0.0,±3.1 pp,"1,000 (1/4)",telephone (rolling),20.1,False
273,EKOS,2016-10-18,PDF,46.6,26.4,14.1,3.3,7.8,0.0,±2.4 pp,"1,622",online/telephone,20.2,False
276,Nanos Research,2016-10-21,PDF,46.6,27.5,13.9,4.0,6.8,0.0,±3.1 pp,"1,000 (1/4)",telephone (rolling),19.1,False
283,Nanos Research,2016-10-28,PDF,44.5,29.6,13.3,5.3,6.0,0.0,±3.1 pp,"1,000 (1/4)",telephone (rolling),14.9,False
254,Nanos Research,2016-11-04,PDF,44.9,29.6,13.8,5.5,5.5,0.0,±3.1 pp,"1,000 (1/4)",telephone (rolling),15.3,False
255,Mainstreet Research,2016-11-06,HTML,49.0,29.0,13.0,4.0,5.0,0.0,±1.38 pp,"5,066",IVR,20.0,False
232,Forum Research,2016-11-10,PDF,51.0,28.0,11.0,4.0,5.0,0.0,±3 pp,"1,474",IVR,23.0,False
234,Nanos Research,2016-11-11,PDF,46.3,26.2,15.4,4.3,6.2,0.0,±3.1 pp,"1,000 (1/4)",telephone (rolling),20.1,False
235,Abacus Data,2016-11-13,PDF,46.0,25.0,17.0,5.0,7.0,0.0,±2.1 pp,"2,200",online,21.0,False
242,Nanos Research,2016-11-18,PDF,42.9,28.7,16.0,5.6,5.6,0.0,±3.1 pp,"1,000 (1/4)",telephone (rolling),14.2,False
245,EKOS,2016-11-22,PDF,41.2,31.2,13.0,2.4,8.2,0.0,±2.2 pp,"1,949",IVR,10.0,False
249,Nanos Research,2016-11-25,PDF,44.7,25.1,17.9,4.4,6.4,0.0,±3.1 pp,"1,000 (1/4)",telephone (rolling),19.6,False
58,Nanos Research,2016-12-02,PDF,42.9,26.0,17.4,4.8,6.8,0.0,±3.1 pp,"1,000 (1/4)",telephone (rolling),16.9,False
65,Forum Research,2016-12-07,PDF,42.0,34.0,12.0,5.0,6.0,0.0,±3 pp,"1,304",IVR,8.0,False
69,Nanos Research,2016-12-09,PDF,43.2,26.7,16.5,5.4,6.0,0.0,±3.1 pp,"1,000 (1/4)",telephone (rolling),16.5,False
51,Abacus Data,2016-12-14,PDF,44.0,30.0,16.0,4.0,5.0,0.0,±2.3 pp,"1,848",online,14.0,False
56,Nanos Research,2016-12-16,PDF,43.6,27.4,16.7,4.9,5.6,0.0,±3.1 pp,"1,000 (1/4)",telephone (rolling),16.2,False
61,Nanos Research,2016-12-23,PDF,42.0,28.3,16.9,5.6,5.6,0.0,±3.1 pp,"1,000 (1/4)",telephone (rolling),13.7,False
64,Nanos Research,2016-12-30,PDF,43.0,27.9,16.7,5.5,5.9,0.0,±3.1 pp,"1,000 (1/4)",telephone (rolling),15.1,False
117,Nanos Research,2017-01-06,PDF,43.0,28.5,16.2,5.2,5.4,0.0,±3.1 pp,"1,000 (1/4)",telephone (rolling),14.5,False
100,Nanos Research,2017-01-13,PDF,41.4,28.4,16.2,6.1,6.1,0.0,±3.1 pp,"1,000 (1/4)",telephone (rolling),13.0,False
106,Nanos Research,2017-01-20,PDF,39.4,31.2,16.3,5.1,5.9,0.0,±3.1 pp,"1,000 (1/4)",telephone (rolling),8.2,False
107,Forum Research,2017-01-21,PDF,42.0,36.0,12.0,4.0,5.0,0.0,±3 pp,"1,332",IVR,6.0,False
110,Ipsos,2017-01-25,PDF,41.0,30.0,19.0,5.0,,0.0,±3.5 pp,"1,000",online,11.0,False
113,Nanos Research,2017-01-27,PDF,39.1,32.1,16.3,5.1,5.5,0.0,±3.1 pp,"1,000 (1/4)",telephone (rolling),7.0,False
90,Nanos Research,2017-02-03,PDF,38.0,32.5,16.4,4.9,5.9,0.0,±3.1 pp,"1,000 (1/4)",telephone (rolling),5.5,False
93,Campaign Research,2017-02-06,HTML,34.0,34.0,16.0,6.0,6.0,0.0,±3 pp,"1,457",IVR,0.0,False
71,Nanos Research,2017-02-10,PDF,37.9,32.9,16.9,4.8,5.3,0.0,±3.1 pp,"1,000 (1/4)",telephone (rolling),5.0,False
78,Nanos Research,2017-02-17,PDF,39.3,29.6,16.9,6.3,5.7,0.0,±3.1 pp,"1,000 (1/4)",telephone (rolling),9.7,False
80,Abacus Data,2017-02-19,PDF,40.0,33.0,16.0,4.0,6.0,0.0,±2.6 pp,"1,500",online,7.0,False
85,Nanos Research,2017-02-24,PDF,38.9,31.0,16.8,5.4,5.2,0.0,±3.1 pp,"1,000 (1/4)",telephone (rolling),7.9,False
87,Forum Research,2017-02-26,PDF,39.0,35.0,15.0,7.0,4.0,0.0,±3 pp,"1,340",IVR,4.0,False
191,Nanos Research,2017-03-03,PDF,39.6,30.5,17.2,5.0,5.1,0.0,±3.1 pp,"1,000 (1/4)",telephone (rolling),9.1,False
201,Campaign Research,2017-03-07,HTML,43.0,27.0,16.0,6.0,5.0,0.0,±3 pp,"1,886",online/IVR,16.0,False
160,Nanos Research,2017-03-10,PDF,41.4,28.1,17.0,4.9,6.0,0.0,±3.1 pp,"1,000 (1/4)",telephone (rolling),13.3,False
168,Nanos Research,2017-03-17,PDF,41.9,28.5,17.1,4.7,5.2,0.0,±3.1 pp,"1,000 (1/4)",telephone (rolling),13.4,False
167,Stratcom,2017-03-17,HTML,44.0,29.0,16.0,4.0,6.0,0.0,±2.2 pp,"2,029",online,15.0,False
179,Forum Research,2017-03-23,PDF,36.0,38.0,15.0,6.0,4.0,0.0,±3 pp,"1,029",IVR,2.0,False
182,Nanos Research,2017-03-24,PDF,42.5,29.2,16.1,4.8,5.2,0.0,±3.1 pp,"1,000 (1/4)",telephone (rolling),13.3,False
193,Ipsos,2017-03-30,PDF,39.0,32.0,20.0,5.0,,0.0,±3.5 pp,"1,001",online,7.0,False
194,Nanos Research,2017-03-31,PDF,40.6,29.6,18.4,5.2,4.6,0.0,±3.1 pp,"1,000 (1/4)",telephone (rolling),11.0,False
30,Nanos Research,2017-04-07,PDF,40.3,32.6,18.0,4.0,3.5,0.0,±3.1 pp,"1,000 (1/4)",telephone (rolling),7.7,False
2,Campaign Research,2017-04-11,HTML,38.0,29.0,19.0,6.0,6.0,0.0,±2 pp,"1,970",online,9.0,False
6,Nanos Research,2017-04-14,PDF,41.4,32.4,18.7,3.4,3.1,0.0,±3.1 pp,"1,000 (1/4)",telephone (rolling),9.0,False
13,Nanos Research,2017-04-21,PDF,42.0,30.4,19.0,4.0,2.9,0.0,±3.1 pp,"1,000 (1/4)",telephone (rolling),11.6,False
16,Forum Research,2017-04-24,PDF,35.0,35.0,17.0,5.0,7.0,0.0,±3 pp,"1,479",IVR,0.0,False
22,Nanos Research,2017-04-28,PDF,43.0,29.6,18.5,4.4,3.6,0.0,±3.1 pp,"1,000 (1/4)",telephone (rolling),13.4,False
231,Nanos Research,2017-05-05,PDF,41.8,29.0,18.8,5.1,4.1,0.0,±3.1 pp,"1,000 (1/4)",telephone (rolling),12.8,False
213,Nanos Research,2017-05-12,PDF,42.8,28.1,15.9,6.0,5.6,0.0,±3.1 pp,"1,000 (1/4)",telephone (rolling),14.7,False
212,Abacus Data,2017-05-12,PDF,43.0,27.0,20.0,4.0,5.0,0.0,±2.9 pp,"1,182",online,16.0,False
214,Campaign Research,2017-05-13,HTML,43.0,27.0,19.0,3.0,7.0,0.0,±2 pp,"1,969",online,16.0,False
216,Mainstreet Research,2017-05-15,HTML,41.0,31.0,18.0,5.0,5.0,0.0,±1.85 pp,"2,800",IVR,10.0,False
218,Léger,2017-05-18,PDF,46.0,25.0,16.0,5.0,6.0,0.0,±2.5 pp,"1,529",online,21.0,False
220,Nanos Research,2017-05-19,PDF,42.1,27.9,16.2,5.2,7.4,0.0,±3.1 pp,"1,000 (1/4)",telephone (rolling),14.2,False
225,Nanos Research,2017-05-26,PDF,40.3,28.6,16.7,5.7,7.2,0.0,±3.1 pp,"1,000 (1/4)",telephone (rolling),11.7,False
226,Mainstreet Research,2017-05-29,HTML,41.0,33.0,17.0,4.0,5.0,0.0,±1.85 pp,"2,800",IVR,8.0,False
228,Angus Reid,2017-05-31,HTML,40.0,33.0,16.0,4.0,6.0,0.0,±2.2 pp,"1,958",online,7.0,False
146,Nanos Research,2017-06-02,PDF,40.0,28.1,16.5,6.2,7.3,0.0,±3.1 pp,"1,000 (1/4)",telephone (rolling),11.9,False
154,Forum Research,2017-06-08,PDF,42.0,34.0,12.0,5.0,6.0,0.0,±3 pp,"1,483",IVR,8.0,False
156,Nanos Research,2017-06-09,PDF,36.8,30.5,17.3,6.1,7.1,0.0,±3.1 pp,"1,000 (1/4)",telephone (rolling),6.3,False
137,Campaign Research,2017-06-12,HTML,39.0,30.0,19.0,5.0,7.0,0.0,±2 pp,"2,767",online,9.0,False
138,Angus Reid,2017-06-12,PDF,37.0,34.0,17.0,4.0,6.0,0.0,±2 pp,"5,406",online,3.0,False
143,Nanos Research,2017-06-16,PDF,37.5,30.9,16.5,6.7,6.5,0.0,±3.1 pp,"1,000 (1/4)",telephone (rolling),6.6,False
145,EKOS,2017-06-19,HTML,35.3,33.0,15.2,3.7,8.5,0.0,±1.3 pp,"5,658",IVR,2.3,False
148,Nanos Research,2017-06-23,PDF,38.3,31.1,15.7,6.8,6.2,0.0,±3.1 pp,"1,000 (1/4)",telephone (rolling),7.2,False
151,Nanos Research,2017-06-30,PDF,38.9,31.6,14.0,6.3,7.6,0.0,±3.1 pp,"1,000 (1/4)",telephone (rolling),7.3,False
135,Nanos Research,2017-07-07,PDF,39.8,33.0,13.6,5.3,6.4,0.0,±3.1 pp,"1,000 (1/4)",telephone (rolling),6.8,False
120,Campaign Research,2017-07-10,HTML,40.0,31.0,19.0,4.0,5.0,0.0,±2 pp,"1,540",online,9.0,False
123,Nanos Research,2017-07-14,PDF,38.3,31.2,16.2,5.9,6.1,0.0,±3.1 pp,"1,000 (1/4)",telephone (rolling),7.1,False
126,Abacus Data,2017-07-18,HTML,43.0,31.0,16.0,3.0,5.0,0.0,±2.2 pp,"2,036",online,12.0,False
128,Nanos Research,2017-07-21,PDF,39.0,30.3,18.4,4.2,6.2,0.0,±3.1 pp,"1,000 (1/4)",telephone (rolling),8.7,False
132,Nanos Research,2017-07-28,PDF,36.7,29.1,20.0,5.8,6.8,0.0,±3.1 pp,"1,000 (1/4)",telephone (rolling),7.6,False
45,Nanos Research,2017-08-04,PDF,37.5,29.3,20.2,6.4,5.4,0.0,±3.1 pp,"1,000 (1/4)",telephone (rolling),8.2,False
32,Nanos Research,2017-08-11,PDF,37.8,31.1,19.2,5.2,5.4,0.0,±3.1 pp,"1,000 (1/4)",telephone (rolling),6.7,False
34,Forum Research,2017-08-17,PDF,42.0,35.0,14.0,4.0,4.0,0.0,±3 pp,"1,150",IVR,7.0,False
36,Nanos Research,2017-08-18,PDF,39.4,31.0,18.2,5.1,4.9,0.0,±3.1 pp,"1,000 (1/4)",telephone (rolling),8.4,False
40,Nanos Research,2017-08-25,PDF,41.9,30.8,16.4,4.3,5.0,0.0,±3.1 pp,"1,000 (1/4)",telephone (rolling),11.1,False
43,Mainstreet Research,2017-08-31,HTML,43.0,32.0,15.0,4.0,5.0,0.0,±2.19 pp,"2,000",telephone,11.0,False
290,Nanos Research,2017-09-01,PDF,41.2,32.0,15.7,4.9,4.7,0.0,±3.1 pp,"1,000 (1/4)",telephone (rolling),9.2,False
305,Abacus Data,2017-09-03,PDF,43.0,31.0,17.0,3.0,6.0,0.0,±2.6 pp,"1,512",online,12.0,False
310,Nanos Research,2017-09-08,PDF,42.0,30.1,15.9,4.6,5.9,0.0,±3.1 pp,"1,000 (1/4)",telephone (rolling),11.9,False
291,Campaign Research,2017-09-11,HTML,42.0,30.0,16.0,5.0,6.0,0.0,±2.3 pp,"1,770",online,12.0,False
292,Forum Research,2017-09-14,PDF,35.0,39.0,15.0,5.0,4.0,0.0,±3 pp,"1,350",IVR,4.0,False
295,Nanos Research,2017-09-15,PDF,40.9,30.0,15.5,6.0,5.5,0.0,±3.1 pp,"1,000 (1/4)",telephone (rolling),10.9,False
301,Nanos Research,2017-09-22,PDF,38.5,32.5,14.6,6.1,5.7,0.0,±3.1 pp,"1,000 (1/4)",telephone (rolling),6.0,False
302,Ipsos,2017-09-27,PDF,39.0,32.0,20.0,5.0,,0.0,±3.5 pp,"1,001",online,7.0,False
304,Nanos Research,2017-09-29,PDF,38.1,31.2,15.2,6.3,6.7,0.0,±3.1 pp,"1,000 (1/4)",telephone (rolling),6.9,False
262,EKOS,2017-10-01,PDF,34.4,33.3,14.5,4.5,8.9,0.0,±1.4 pp,"4,839",IVR,1.1,False
284,Angus Reid,2017-10-04,HTML,37.0,36.0,14.0,4.0,8.0,0.0,±2.5 pp,"1,477",online,1.0,False
286,Nanos Research,2017-10-06,PDF,36.9,32.0,15.4,6.6,5.6,0.0,±3.1 pp,"1,000 (1/4)",telephone (rolling),4.9,False
265,Campaign Research,2017-10-11,HTML,38.0,30.0,19.0,4.0,8.0,0.0,±2.2 pp,"2,002",online,8.0,False
268,Angus Reid,2017-10-12,PDF,35.0,35.0,18.0,4.0,6.0,0.0,±2.5 pp,"1,492",online,0.0,False
270,Nanos Research,2017-10-13,PDF,34.6,31.3,16.3,7.2,7.3,0.0,±3.1 pp,"1,000 (1/4)",telephone (rolling),3.3,False
272,Environics,2017-10-16,PDF,38.0,30.0,20.0,5.0,7.0,0.0,,"2,000",online,8.0,False
275,Nanos Research,2017-10-20,PDF,35.0,30.8,17.7,6.3,6.9,0.0,±3.1 pp,"1,000 (1/4)",telephone (rolling),4.2,False
277,Abacus Data,2017-10-23,PDF,39.0,35.0,15.0,5.0,5.0,0.0,±2.6 pp,"1,500",online,4.0,False
278,Ipsos,2017-10-25,PDF,38.0,30.0,23.0,4.0,,0.0,±3.5 pp,"1,001",online,8.0,False
279,Léger,2017-10-25,PDF,42.0,30.0,15.0,4.0,7.0,0.0,±2.5 pp,"1,534",online,12.0,False
280,Insights West,2017-10-26,HTML,35.0,33.0,20.0,4.0,7.0,0.0,±3.1 pp,"1,005",online,2.0,False
282,Nanos Research,2017-10-27,PDF,36.1,29.6,18.5,6.1,6.6,0.0,±3.1 pp,"1,000 (1/4)",telephone (rolling),6.5,False
251,Nanos Research,2017-11-03,PDF,36.6,29.6,19.0,5.9,6.4,0.0,±3.1 pp,"1,000 (1/4)",telephone (rolling),7.0,False
256,Forum Research,2017-11-06,PDF,36.0,38.0,14.0,6.0,6.0,0.0,±3 pp,"1,281",IVR,2.0,False
259,Campaign Research,2017-11-09,HTML,38.0,30.0,19.0,5.0,7.0,0.0,±1.9 pp,"2,616",online,8.0,False
233,Nanos Research,2017-11-10,PDF,38.3,30.9,17.5,5.3,6.0,0.0,±3.1 pp,"1,000 (1/4)",telephone (rolling),7.4,False
237,Abacus Data,2017-11-14,PDF,40.0,32.0,18.0,4.0,6.0,0.0,±2.6 pp,"1,500",online,8.0,False
241,Nanos Research,2017-11-17,PDF,39.3,30.7,16.6,5.0,7.0,0.0,±3.1 pp,"1,000 (1/4)",telephone (rolling),8.6,False
247,Nanos Research,2017-11-24,PDF,38.8,30.6,17.2,4.4,6.9,0.0,±3.1 pp,"1,000 (1/4)",telephone (rolling),8.2,False
252,Léger,2017-11-30,PDF,40.0,34.0,13.0,4.0,8.0,0.0,±2.4 pp,"1,609",online,6.0,False
47,Nanos Research,2017-12-01,PDF,40.1,30.7,16.5,4.2,6.9,0.0,±3.1 pp,"1,000 (1/4)",telephone (rolling),9.4,False
68,Nanos Research,2017-12-08,PDF,40.7,30.3,17.5,3.8,6.7,0.0,±3.1 pp,"1,000 (1/4)",telephone (rolling),10.4,False
53,Ipsos,2017-12-14,PDF,38.0,31.0,20.0,5.0,,0.0,±2.4 pp,"2,098",online,7.0,False
52,Forum Research,2017-12-14,PDF,38.0,39.0,12.0,5.0,5.0,0.0,±3 pp,"1,284",IVR,1.0,False
55,Nanos Research,2017-12-15,PDF,41.9,29.3,19.1,3.4,5.7,0.0,±3.1 pp,"1,000 (1/4)",telephone (rolling),12.6,False
60,Nanos Research,2017-12-22,PDF,42.8,29.1,20.0,3.3,4.2,0.0,±3.1 pp,"1,000 (1/4)",telephone (rolling),13.7,False
63,Nanos Research,2017-12-29,PDF,41.6,30.1,20.1,3.5,4.2,0.0,±3.1 pp,"1,000 (1/4)",telephone (rolling),11.5,False
116,Nanos Research,2018-01-05,PDF,40.9,30.7,19.5,3.7,4.8,0.0,±3.1 pp,"1,000 (1/4)",telephone (rolling),10.2,False
118,Mainstreet Research,2018-01-06,HTML,40.3,34.5,13.1,4.4,7.7,0.0,±0.99 pp,"9,830",IVR,5.8,False
96,Campaign Research,2018-01-11,HTML,42.0,29.0,16.0,4.0,7.0,0.0,±2.3 pp,"1,887",online,13.0,False
99,Nanos Research,2018-01-12,PDF,37.0,33.8,20.0,3.8,4.5,0.0,±3.1 pp,"1,000 (1/4)",telephone (rolling),3.2,False
105,Nanos Research,2018-01-19,PDF,37.9,34.4,17.3,3.7,6.0,0.0,±3.1 pp,"1,000 (1/4)",telephone (rolling),3.5,False
108,Forum Research,2018-01-24,PDF,38.0,43.0,12.0,3.0,3.0,0.0,±3 pp,"1,408",IVR,5.0,False
112,Nanos Research,2018-01-26,PDF,37.8,30.6,19.9,3.5,7.5,0.0,±3.1 pp,"1,000 (1/4)",telephone (rolling),7.2,False
114,Abacus Data,2018-01-28,PDF,39.0,32.0,18.0,4.0,6.0,0.0,±2.7 pp,"1,411",online,7.0,False
82,Nanos Research,2018-02-02,PDF,38.1,30.3,19.7,3.0,7.6,0.0,±3.1 pp,"1,000 (1/4)",telephone (rolling),7.8,False
95,Nanos Research,2018-02-09,PDF,38.1,30.4,18.5,3.1,8.8,0.0,±3.1 pp,"1,000 (1/4)",telephone (rolling),7.7,False
72,Campaign Research,2018-02-10,HTML,39.0,32.0,16.0,4.0,7.0,0.0,±2.1 pp,"2,227",online,7.0,False
76,Nanos Research,2018-02-16,PDF,36.6,30.8,20.3,3.3,8.0,0.0,±3.1 pp,"1,000 (1/4)",telephone (rolling),5.8,False
84,Nanos Research,2018-02-23,PDF,37.7,31.5,19.2,3.8,6.9,0.0,±3.1 pp,"1,000 (1/4)",telephone (rolling),6.2,False
158,Forum Research,2018-03-01,PDF,34.0,46.0,14.0,2.0,3.0,0.0,±3 pp,941,IVR,12.0,False
157,Ipsos,2018-03-01,PDF,33.0,38.0,21.0,3.0,,0.0,±3.5 pp,"1,001",online,5.0,False
171,Nanos Research,2018-03-02,PDF,36.5,32.7,19.0,4.0,7.1,0.0,±3.1 pp,"1,000 (1/4)",telephone (rolling),3.8,False
195,Abacus Data,2018-03-04,PDF,36.0,33.0,18.0,3.0,8.0,0.0,±2.2 pp,"4,023",online,3.0,False
203,Léger,2018-03-08,PDF,38.0,38.0,14.0,3.0,5.0,0.0,±2.5 pp,"1,536",online,0.0,False
206,Nanos Research,2018-03-09,PDF,35.8,33.1,19.3,4.5,6.7,0.0,±3.1 pp,"1,000 (1/4)",telephone (rolling),2.7,False
164,Angus Reid,2018-03-15,PDF,30.0,40.0,19.0,4.0,6.0,0.0,±2 pp,"5,423",online,10.0,False
166,Nanos Research,2018-03-16,PDF,35.9,34.8,18.5,3.5,6.2,0.0,±3.1 pp,"1,000 (1/4)",telephone (rolling),1.1,False
181,Nanos Research,2018-03-23,PDF,38.1,34.7,16.8,3.1,5.5,0.0,±3.1 pp,"1,000 (1/4)",telephone (rolling),3.4,False
180,Ipsos,2018-03-23,HTML,31.0,38.0,23.0,3.0,,0.0,±3.5 pp,"1,003",online,7.0,False
189,Nanos Research,2018-03-29,PDF,39.1,33.7,16.4,2.4,6.5,0.0,±3.1 pp,"1,000 (1/4)",telephone (rolling),5.4,False
27,Nanos Research,2018-04-06,PDF,38.2,32.9,17.2,3.0,7.0,0.0,±3.1 pp,"1,000 (1/4)",telephone (rolling),5.3,False
5,Nanos Research,2018-04-13,PDF,41.1,29.2,15.8,3.8,8.2,0.0,±3.1 pp,"1,000 (1/4)",telephone (rolling),11.9,False
9,Mainstreet Research,2018-04-18,HTML,40.4,37.1,11.9,2.6,5.9,0.0,±1.01 pp,"9,401",IVR,3.3,False
11,Forum Research,2018-04-20,PDF,30.0,43.0,14.0,4.0,8.0,0.0,±2 pp,"1,585",IVR,13.0,False
12,Nanos Research,2018-04-20,PDF,38.2,31.6,17.9,3.7,7.0,0.0,±3.1 pp,"1,000 (1/4)",telephone (rolling),6.6,False
21,Nanos Research,2018-04-27,PDF,39.2,30.6,18.2,4.4,5.9,0.0,±3.1 pp,"1,000 (1/4)",telephone (rolling),8.6,False
23,Ipsos,2018-04-30,HTML,36.0,35.0,20.0,3.0,,0.0,±2.6 pp,"1,907",online,1.0,False
221,Innovative Research,2018-05-02,PDF,35.0,38.0,16.0,4.0,6.0,0.0,±3.1 pp,"1,000",telephone,3.0,False
230,Nanos Research,2018-05-04,PDF,38.0,33.2,17.6,4.2,5.4,0.0,±3.1 pp,"1,000 (1/4)",telephone (rolling),4.8,False
209,Léger,2018-05-10,HTML,39.0,36.0,15.0,2.0,,0.0,±2.1 pp,"2,103",online,3.0,False
211,Nanos Research,2018-05-11,PDF,36.1,34.4,18.5,3.7,6.0,0.0,±3.1 pp,"1,000 (1/4)",telephone (rolling),1.7,False
215,Innovative Research,2018-05-14,PDF,35.0,38.0,15.0,4.0,7.0,0.0,,"2,327",online,3.0,False
217,Forum Research,2018-05-16,PDF,30.0,46.0,18.0,2.0,4.0,0.0,±3 pp,"1,484",IVR,16.0,False
219,Nanos Research,2018-05-18,PDF,35.1,34.0,20.1,3.6,5.9,0.0,±3.1 pp,"1,000 (1/4)",telephone (rolling),1.1,False
224,Nanos Research,2018-05-25,PDF,33.0,36.0,19.8,4.0,6.4,0.0,±3.1 pp,"1,000 (1/4)",telephone (rolling),3.0,False
229,Forum Research,2018-05-31,PDF,31.0,44.0,17.0,2.0,5.0,0.0,±3 pp,969,IVR,13.0,False
136,Nanos Research,2018-06-01,PDF,34.1,34.0,21.2,4.4,5.4,0.0,±3.1 pp,"1,000 (1/4)",telephone (rolling),0.1,False
155,Nanos Research,2018-06-08,PDF,35.3,33.0,22.0,4.1,4.8,0.0,±3.1 pp,"1,000 (1/4)",telephone (rolling),2.3,False
139,Angus Reid,2018-06-14,PDF,36.0,32.0,16.0,4.0,9.0,0.0,±3.1 pp,"1,023",online,4.0,False
140,Ipsos,2018-06-15,HTML,32.0,36.0,20.0,5.0,,0.0,±3.5 pp,"1,001",online,4.0,False
141,Nanos Research,2018-06-15,PDF,36.9,32.5,19.9,4.1,5.1,0.0,±3.1 pp,"1,000 (1/4)",telephone (rolling),4.4,False
144,Campaign Research,2018-06-18,HTML,34.0,36.0,18.0,3.0,8.0,0.0,±2.5 pp,"1,579",online,2.0,False
147,Nanos Research,2018-06-22,PDF,36.7,32.0,20.6,3.6,5.7,0.0,±3.1 pp,"1,000 (1/4)",telephone (rolling),4.7,False
149,Ipsos,2018-06-29,HTML,33.0,37.0,21.0,3.0,,0.0,±3.5 pp,"1,002",online,4.0,False
150,Nanos Research,2018-06-29,PDF,36.5,33.1,20.8,2.7,5.4,0.0,±3.1 pp,"1,000 (1/4)",telephone (rolling),3.4,False
134,Nanos Research,2018-07-06,PDF,35.7,33.4,20.3,2.4,6.8,0.0,±3.1 pp,"1,000 (1/4)",telephone (rolling),2.3,False
121,Nanos Research,2018-07-13,PDF,37.3,34.5,18.4,1.8,7.1,0.0,±3.1 pp,"1,000 (1/4)",telephone (rolling),2.8,False
124,Ipsos,2018-07-16,HTML,39.0,32.0,21.0,2.0,,0.0,±3.5 pp,"1,000",online,7.0,False
125,Mainstreet Research,2018-07-17,HTML,39.4,36.9,11.8,2.4,7.0,0.0,±1.01 pp,"9,384",IVR,2.5,False
127,Nanos Research,2018-07-20,PDF,35.8,35.9,19.0,2.0,6.1,0.0,±3.1 pp,"1,000 (1/4)",telephone (rolling),0.1,False
129,Abacus Data,2018-07-22,HTML,36.0,34.0,19.0,3.0,7.0,0.0,±2.2 pp,"2,000",online,2.0,False
130,EKOS,2018-07-26,Twitter,34.9,32.1,17.3,4.0,9.3,0.0,±2.7 pp,"1,302",IVR,2.8,False
131,Nanos Research,2018-07-27,PDF,35.8,35.2,19.1,2.2,6.6,0.0,±3.1 pp,"1,000 (1/4)",telephone (rolling),0.6,False
42,Nanos Research,2018-08-03,PDF,36.9,36.6,17.8,2.3,5.2,0.0,±3.1 pp,"1,000 (1/4)",telephone (rolling),0.3,False
31,Nanos Research,2018-08-10,PDF,35.8,35.1,20.1,3.2,4.8,0.0,±3.1 pp,"1,000 (1/4)",telephone (rolling),0.7,False
33,Forum Research,2018-08-12,PDF,36.0,42.0,15.0,2.0,4.0,0.0,±3 pp,"1,777",IVR,6.0,False
35,Nanos Research,2018-08-17,PDF,37.5,33.9,19.0,3.2,5.7,0.0,±3.1 pp,"1,000 (1/4)",telephone (rolling),3.6,False
37,Abacus Data,2018-08-20,HTML,37.0,33.0,18.0,3.0,8.0,0.0,±2.5 pp,"1,500",online,4.0,False
38,Nanos Research,2018-08-24,PDF,38.8,34.4,16.5,2.9,6.3,0.0,±3.1 pp,"1,000 (1/4)",telephone (rolling),4.4,False
41,Abacus Data,2018-08-25,HTML,37.0,34.0,18.0,3.0,6.0,0.0,±3.1 pp,"1,000",online,3.0,False
44,Nanos Research,2018-08-31,PDF,39.9,32.4,15.8,3.4,6.7,0.0,±3.1 pp,"1,000 (1/4)",telephone (rolling),7.5,False
308,Nanos Research,2018-09-07,PDF,39.9,32.8,14.9,2.5,6.5,0.0,±3.1 pp,"1,000 (1/4)",telephone (rolling),7.1,False
294,Nanos Research,2018-09-14,PDF,41.1,31.4,14.9,2.0,5.8,0.0,±3.1 pp,"1,000 (1/4)",telephone (rolling),9.7,False
293,Campaign Research,2018-09-14,HTML,36.0,38.0,15.0,5.0,7.0,0.0,±2.5 pp,"1,486",online,2.0,False
296,Abacus Data,2018-09-19,HTML,38.0,34.0,17.0,3.0,7.0,,±2.2 pp,"2,000",online,4.0,False
297,DART,2018-09-19,PDF,30.0,38.0,17.0,5.0,8.0,,±2.1 pp,"5,769",online,8.0,False
298,Pollara,2018-09-20,PDF,40.0,34.0,12.0,3.0,7.0,2.0,±3.1 pp,"1,002",online,6.0,False
300,Nanos Research,2018-09-21,PDF,39.0,31.2,17.0,2.4,5.5,,±3.1 pp,"1,000 (1/4)",telephone (rolling),7.8,False
303,Nanos Research,2018-09-28,PDF,38.0,31.7,16.7,2.6,6.0,,±3.1 pp,"1,000 (1/4)",telephone (rolling),6.3,False
263,Innovative Research,2018-10-01,PDF,38.0,31.0,15.0,5.0,7.0,3.0,,"2,410",online,7.0,False
285,Nanos Research,2018-10-05,PDF,37.3,31.1,16.2,3.8,6.7,,±3.1 pp,"1,000 (1/4)",telephone (rolling),6.2,False
288,Ipsos,2018-10-09,PDF,36.0,35.0,20.0,4.0,,,±2.5 pp,"2,001",online,1.0,False
264,Forum Research,2018-10-10,PDF,32.0,41.0,15.0,4.0,7.0,,±3 pp,"1,226",IVR,9.0,False
269,Nanos Research,2018-10-12,PDF,37.1,31.4,16.1,3.7,7.2,1.3,±3.1 pp,"1,000 (1/4)",telephone (rolling),5.7,False
274,Nanos Research,2018-10-19,PDF,39.5,29.4,16.9,3.6,7.0,1.4,±3.1 pp,"1,000 (1/4)",telephone (rolling),10.1,False
281,Nanos Research,2018-10-26,PDF,39.4,28.2,19.3,2.8,6.5,1.0,±3.1 pp,"1,000 (1/4)",telephone (rolling),11.2,False
243,Nanos Research,2018-11-02,PDF,39.6,28.1,19.3,1.9,6.9,1.2,±3.1 pp,"1,000 (1/4)",telephone (rolling),11.5,False
258,Mainstreet Research,2018-11-07,HTML,39.3,34.6,10.8,3.4,6.8,3.8,±1.09 pp,"7,961",IVR,4.7,False
260,Campaign Research,2018-11-09,HTML,35.0,35.0,17.0,4.0,7.0,,±2.5 pp,"2,512",online,0.0,False
261,Nanos Research,2018-11-09,PDF,39.4,27.5,19.8,2.0,6.1,1.4,±3.1 pp,"1,000 (1/4)",telephone (rolling),11.9,False
236,Abacus Data,2018-11-13,HTML,38.0,31.0,16.0,4.0,9.0,,±2.6 pp,"1,500",online,7.0,False
238,Innovative Research,2018-11-15,PDF,38.0,32.0,14.0,4.0,8.0,3.0,,"2,490",online,6.0,False
239,Nanos Research,2018-11-16,PDF,39.4,28.7,17.2,2.5,7.3,1.1,±3.1 pp,"1,000 (1/4)",telephone (rolling),10.7,False
244,Léger,2018-11-20,PDF,39.0,33.0,14.0,4.0,5.0,4.0,±2.51 pp,"1,521",online,6.0,False
246,Nanos Research,2018-11-23,PDF,39.6,31.5,14.5,2.4,6.9,1.1,±3.1 pp,"1,000 (1/4)",telephone (rolling),8.1,False
250,Forum Research,2018-11-29,PDF,34.0,43.0,11.0,4.0,6.0,,±3 pp,"1,541",IVR,9.0,False
253,Nanos Research,2018-11-30,PDF,37.9,32.2,14.3,3.0,7.6,0.8,±3.1 pp,"1,000 (1/4)",telephone (rolling),5.7,False
66,Nanos Research,2018-12-07,PDF,34.1,34.8,15.8,3.1,8.2,0.8,±3.1 pp,"1,000 (1/4)",telephone (rolling),0.7,False
49,Ipsos,2018-12-12,HTML,38.0,33.0,18.0,4.0,,,±2.5 pp,"2,001",online,5.0,False
50,Campaign Research,2018-12-13,HTML,33.0,35.0,16.0,4.0,8.0,2.0,±2.5 pp,"1,494",online,2.0,False
54,Nanos Research,2018-12-14,PDF,36.0,33.9,16.6,3.4,6.6,0.7,±3.1 pp,"1,000 (1/4)",telephone (rolling),2.1,False
57,Abacus Data,2018-12-18,HTML,35.0,34.0,17.0,4.0,7.0,,±2.5 pp,"2,000",online,1.0,False
59,Nanos Research,2018-12-21,PDF,35.2,34.1,16.0,3.8,7.0,1.5,±3.1 pp,"1,000 (1/4)",telephone (rolling),1.1,False
62,Nanos Research,2018-12-28,PDF,36.8,34.4,16.1,3.4,6.4,1.2,±3.1 pp,"1,000 (1/4)",telephone (rolling),2.4,False
115,Nanos Research,2019-01-04,PDF,38.7,33.3,16.7,3.0,6.0,1.4,±3.1 pp,"1,000 (1/4)",telephone (rolling),5.4,False
119,Innovative Research,2019-01-07,PDF,36.0,33.0,15.0,5.0,8.0,4.0,,"2,700",online,3.0,False
97,Nanos Research,2019-01-11,PDF,38.1,33.9,15.4,3.3,6.9,1.6,±3.1 pp,"1,000 (1/4)",telephone (rolling),4.2,False
104,Nanos Research,2019-01-18,PDF,37.2,36.1,14.2,3.2,7.4,1.5,±3.1 pp,"1,000 (1/4)",telephone (rolling),1.1,False
103,Mainstreet Research,2019-01-18,HTML,37.2,35.1,11.5,3.2,7.2,4.2,±1.1 pp,"7,941",IVR,2.1,False
109,Innovative Research,2019-01-24,PDF,38.0,32.0,12.0,5.0,8.0,4.0,,"2,451",online,6.0,False
111,Nanos Research,2019-01-25,PDF,37.6,36.6,12.8,3.0,8.1,1.2,±3.1 pp,"1,000 (1/4)",telephone (rolling),1.0,False
70,Nanos Research,2019-02-01,PDF,37.6,35.9,13.2,3.1,7.9,1.7,±3.1 pp,"1,000 (1/4)",telephone (rolling),1.7,False
92,Abacus Data,2019-02-05,HTML,34.0,34.0,17.0,4.0,8.0,,±2.0 pp,"2,500",online,0.0,False
94,Nanos Research,2019-02-08,PDF,37.5,34.4,13.0,3.8,7.4,1.7,±3.1 pp,"1,000 (1/4)",telephone (rolling),3.1,False
74,Campaign Research,2019-02-11,HTML,32.0,37.0,14.0,5.0,7.0,3.0,±2.5 pp,"1,590",online,5.0,False
73,Abacus Data,2019-02-11,HTML,33.0,35.0,15.0,4.0,9.0,,±2.0 pp,"2,500",online,2.0,False
75,Nanos Research,2019-02-15,PDF,37.9,31.8,13.7,4.1,7.8,1.5,±3.1 pp,"1,000 (1/4)",telephone (rolling),6.1,False
79,Ipsos,2019-02-18,HTML,34.0,36.0,17.0,6.0,,,±3.5 pp,"1,002",online,2.0,False
81,Léger,2019-02-19,PDF,34.0,36.0,12.0,5.0,8.0,4.0,±2.5 pp,"1,529",online,2.0,False
83,Nanos Research,2019-02-22,PDF,35.7,33.6,15.0,3.7,8.4,1.2,±3.1 pp,"1,000 (1/4)",telephone (rolling),2.1,False
86,Angus Reid,2019-02-24,PDF,31.0,38.0,14.0,5.0,8.0,,±3.1 pp,"1,009",online,7.0,False
88,Abacus Data,2019-02-26,HTML,32.0,33.0,17.0,4.0,9.0,,±2.1 pp,"2,374",online,1.0,False
89,Forum Research,2019-02-28,PDF,33.0,42.0,12.0,3.0,5.0,4.0,±3 pp,"1,301",IVR,9.0,False
159,Nanos Research,2019-03-01,PDF,34.2,34.7,15.5,3.6,9.1,0.7,±3.1 pp,"1,000 (1/4)",telephone (rolling),0.5,False
196,Innovative Research,2019-03-04,PDF,36.0,32.0,13.0,5.0,9.0,5.0,,"2,122",online,4.0,False
198,Abacus Data,2019-03-04,HTML,30.0,36.0,17.0,5.0,9.0,,±2.6 pp,"1,500",online,6.0,False
197,Ipsos,2019-03-04,HTML,31.0,40.0,20.0,4.0,4.0,0.0,±3.5 pp,"1,000",online,9.0,False
199,Abacus Data,2019-03-05,HTML,31.0,35.0,17.0,4.0,9.0,,±3.3 pp,900 (1/3),online (rolling),4.0,False
200,Abacus Data,2019-03-06,HTML,32.0,34.0,18.0,4.0,9.0,,±3.3 pp,900 (1/3),online (rolling),2.0,False
202,Abacus Data,2019-03-07,HTML,33.0,34.0,16.0,4.0,10.0,,±3.3 pp,900 (1/3),online (rolling),1.0,False
204,Abacus Data,2019-03-08,HTML,31.0,36.0,15.0,5.0,10.0,,±3.3 pp,900 (1/3),online (rolling),5.0,False
205,Nanos Research,2019-03-08,PDF,32.9,36.1,17.9,3.6,8.3,0.5,±3.1 pp,"1,000 (1/4)",telephone (rolling),3.2,False
207,Abacus Data,2019-03-09,HTML,31.0,35.0,16.0,4.0,11.0,,±3.3 pp,900 (1/3),online (rolling),4.0,False
161,Abacus Data,2019-03-10,HTML,32.0,34.0,16.0,4.0,11.0,,±3.3 pp,900 (1/3),online (rolling),2.0,False
162,Campaign Research,2019-03-10,HTML,30.0,36.0,16.0,4.0,10.0,2.0,±2.5 pp,"1,893",online,6.0,False
165,Nanos Research,2019-03-15,PDF,32.6,35.5,19.9,3.2,7.7,0.5,±3.1 pp,"1,000 (1/4)",telephone (rolling),2.9,False
170,Abacus Data,2019-03-18,PDF,32.0,32.0,17.0,5.0,9.0,2.0,±2.5 pp,"1,500",online,0.0,False
172,Forum Research,2019-03-20,PDF,35.0,41.0,14.0,1.0,6.0,2.0,±3 pp,"1,490",IVR,6.0,False
173,Léger,2019-03-20,PDF,31.0,37.0,14.0,4.0,10.0,3.0,±2.51 pp,"1,513",online,6.0,False
174,Forum Research,2019-03-20,PDF,35.0,41.0,14.0,1.0,6.0,2.0,±3 pp,"1,490",IVR,6.0,False
175,Léger,2019-03-20,PDF,31.0,37.0,14.0,4.0,10.0,3.0,±2.51 pp,"1,513",online,6.0,False
177,Nanos Research,2019-03-22,PDF,32.5,34.6,19.4,3.9,8.3,0.6,±3.1 pp,"1,000 (1/4)",telephone (rolling),2.1,False
176,Nanos Research,2019-03-22,PDF,32.5,34.6,19.4,3.9,8.3,0.6,±3.1 pp,"1,000 (1/4)",telephone (rolling),2.1,False
183,Mainstreet Research,2019-03-25,HTML,35.0,37.4,11.6,3.1,7.9,3.8,±1.06 pp,"8,501",IVR,2.4,False
185,Angus Reid,2019-03-25,PDF,28.0,37.0,17.0,5.0,8.0,4.0,±2 pp,"5,807",online,9.0,False
184,Angus Reid,2019-03-25,PDF,28.0,37.0,17.0,5.0,8.0,4.0,±2 pp,"5,807",online,9.0,False
187,Ipsos,2019-03-27,HTML,30.0,40.0,21.0,5.0,,,±3.5 pp,"1,002",online,10.0,False
186,Ipsos,2019-03-27,HTML,30.0,40.0,21.0,5.0,,,±3.5 pp,"1,002",online,10.0,False
190,Nanos Research,2019-03-29,PDF,35.0,35.0,17.0,4.0,8.0,1.0,±3.1 pp,"1,000 (1/4)",telephone (rolling),0.5,False
0,Nanos Research,2019-04-05,PDF,33.0,35.0,17.0,4.0,10.0,2.0,±3.1 pp,"1,000 (1/4)",telephone (rolling),2.0,False
28,Forum Research,2019-04-06,PDF,29.0,42.0,12.0,6.0,9.0,2.0,±3 pp,"1,634",IVR,13.0,False
29,Campaign Research,2019-04-06,HTML,32.0,34.0,15.0,5.0,10.0,3.0,±2.2 pp,"2,035",online,2.0,False
1,Innovative Research,2019-04-10,PDF,36.0,32.0,13.0,4.0,10.0,,,"2,527",online,4.0,False
3,Nanos Research,2019-04-12,PDF,34.1,35.0,14.9,4.5,8.8,0.7,±3.1 pp,"1,000 (1/4)",telephone (rolling),0.9,False
10,Nanos Research,2019-04-18,PDF,33.0,35.5,15.2,4.7,8.4,0.8,±3.1 pp,"1,000 (1/4)",telephone (rolling),2.5,False
15,Leger,2019-04-22,PDF,27.0,40.0,12.0,5.0,11.0,3.0,±2.5 pp,"1,522",online,13.0,False
17,Forum Research,2019-04-24,PDF,30.0,37.0,14.0,6.0,9.0,2.0,±3 pp,"1,595",IVR,7.0,False
18,Ipsos,2019-04-25,HTML,32.0,36.0,19.0,5.0,,,±3.5 pp,"1,000",online,4.0,False
19,Nanos Research,2019-04-26,PDF,32.0,34.9,16.5,4.1,9.0,0.5,±3.1 pp,"1,000 (1/4)",telephone (rolling),2.9,False
25,Abacus Data,2019-04-30,HTML,31.0,34.0,17.0,4.0,9.0,3.0,±1.5 pp,"4,015",online (rolling),3.0,False
24,Angus Reid,2019-04-30,PDF,25.0,38.0,18.0,5.0,11.0,3.0,±2.5 pp,"1,525",online,13.0,False
208,Campaign Research,2019-05-01,HTML,31.0,35.0,17.0,3.0,10.0,2.0,±2.6 pp,"1,471",online,4.0,False
227,Nanos Research,2019-05-03,PDF,31.8,34.5,15.9,4.6,9.7,0.9,±3.1 pp,"1,000 (1/4)",telephone (rolling),2.7,False
